{
  "n_completions": 3,
  "elapsed_s": 7.958253853023052,
  "observed_s_per_completion": 2.6527512843410173,
  "persona_id": "402aha"
}