{
  "EG0": {
    "summary_comparison": {
      "metric": [
        "ECE",
        "Conf-Acc Corr",
        "Loss",
        "r(model,human)",
        "Mean Conf",
        "Mean Acc"
      ],
      "baseline": [
        0.20508546552416249,
        0.3497281011993681,
        0.42767868216239724,
        0.2864009449377369,
        0.6790952656307401,
        0.7341772151898734
      ],
      "steered": [
        0.20022208154934262,
        0.668393221617513,
        0.2659144299659148,
        0.3538323245024624,
        0.6872332435287601,
        0.7827004219409281
      ]
    },
    "pairwise_separation": {
      "Correct_vs_Lure": {
        "baseline_d": 0.3755432278859727,
        "steered_d": 1.3540150908918835,
        "baseline_p": 0.03343143828985517,
        "steered_p": 1.3566130129265484e-13,
        "baseline_n": [
          348,
          66
        ],
        "steered_n": [
          371,
          49
        ],
        "delta_d": 0.9784718630059108
      },
      "Correct_vs_Unsure": {
        "baseline_d": 1.5910838920784802,
        "steered_d": 1.9515613523906052,
        "baseline_p": 6.071102781194897e-12,
        "steered_p": 2.4888895928261175e-11,
        "baseline_n": [
          348,
          33
        ],
        "steered_n": [
          371,
          23
        ],
        "delta_d": 0.360477460312125
      },
      "Correct_vs_Other": {
        "baseline_d": 0.17435003332987567,
        "steered_d": 1.7924894837382017,
        "baseline_p": 0.670965576607008,
        "steered_p": 1.8814979478348867e-12,
        "baseline_n": [
          348,
          27
        ],
        "steered_n": [
          371,
          31
        ],
        "delta_d": 1.618139450408326
      },
      "Lure_vs_Unsure": {
        "baseline_d": 1.0844216898335113,
        "steered_d": 0.6095461266304308,
        "baseline_p": 6.804097084406349e-06,
        "steered_p": 0.06632864633561913,
        "baseline_n": [
          66,
          33
        ],
        "steered_n": [
          49,
          23
        ],
        "delta_d": -0.47487556320308044
      },
      "Lure_vs_Other": {
        "baseline_d": -0.18245429036938407,
        "steered_d": 0.4415491062727637,
        "baseline_p": 0.3806894037969747,
        "steered_p": 0.039920228469688145,
        "baseline_n": [
          66,
          27
        ],
        "steered_n": [
          49,
          31
        ],
        "delta_d": 0.6240033966421478
      },
      "Unsure_vs_Other": {
        "baseline_d": -1.2807975429865142,
        "steered_d": -0.13294738744246373,
        "baseline_p": 2.5818129089565154e-05,
        "steered_p": 0.9860401175103172,
        "baseline_n": [
          33,
          27
        ],
        "steered_n": [
          23,
          31
        ],
        "delta_d": 1.1478501555440503
      }
    },
    "paired_item_analysis": {
      "n_items": 79,
      "confidence_delta": {
        "mean": 0.008137977898020015,
        "ci_low": -0.001450000872268005,
        "ci_high": 0.017332628220701238,
        "paired_t": 1.7065945950520602,
        "p_ttest": 0.09187599284751644,
        "wilcoxon_p": 0.027730223833557992
      },
      "accuracy_delta": {
        "mean": 0.048523206751054856,
        "ci_low": -0.014767932489451475,
        "ci_high": 0.1181434599156118,
        "paired_t": 1.4387975781188689,
        "p_ttest": 0.15420865171519693,
        "wilcoxon_p": 0.21898900855846193
      }
    },
    "human_alignment": {
      "baseline_mean_residual": 0.20508546552416249,
      "steered_mean_residual": 0.20022208154934262,
      "delta_residual": -0.004863383974819863,
      "ci_low": -0.047031170169702305,
      "ci_high": 0.03646471487995839,
      "paired_t": -1.0476768378061385,
      "p_value": 0.29802313754169274
    },
    "metacognitive_sensitivity": {
      "baseline_r": 0.34972810119936815,
      "baseline_p": 0.0015814406874048016,
      "steered_r": 0.6683932216175128,
      "steered_p": 1.6911274081003443e-11,
      "fisher_z": 2.7289816766687025,
      "fisher_p": 0.006353023384109813
    },
    "category_distribution": {
      "baseline": {
        "Correct": 0.7341772151898734,
        "Lure": 0.13924050632911392,
        "Unsure": 0.06962025316455696,
        "Other": 0.056962025316455694
      },
      "steered": {
        "Correct": 0.7827004219409283,
        "Lure": 0.10337552742616034,
        "Unsure": 0.04852320675105485,
        "Other": 0.06540084388185655
      }
    }
  }
}