{
  "EG0": {
    "exposure_group": 0,
    "ece": 0.20022208154934262,
    "conf_acc_corr": 0.668393221617513,
    "loss": 0.2659144299659148,
    "r_human": 0.3538323245024624,
    "p_human": 0.0013792258284382076,
    "n_items": 79,
    "mean_model_conf": 0.6872332435287601,
    "mean_human_conf": 0.5980053701572688,
    "mean_model_acc": 0.7827004219409281,
    "unsure_coeff": 60,
    "refusal_coeff": 20
  },
  "combined": {
    "loss": 0.2659144299659148,
    "ece": 0.20022208154934262
  }
}