{
  "1": 0.07009952401557767,
  "2": 0.4309252217997465,
  "3": 0.7418725617685306,
  "4": 0.8747396608152336
}