{
  "EG0": {
    "exposure_group": 0,
    "ece": 0.20508546552416249,
    "conf_acc_corr": 0.3497281011993681,
    "loss": 0.42767868216239724,
    "r_human": 0.2864009449377369,
    "p_human": 0.010501696422292515,
    "n_items": 79,
    "mean_model_conf": 0.6790952656307401,
    "mean_human_conf": 0.5980053701572688,
    "mean_model_acc": 0.7341772151898734
  },
  "EG1": {
    "exposure_group": 1,
    "ece": 0.18604277182735282,
    "conf_acc_corr": 0.43726022676684034,
    "loss": 0.3743912725302562,
    "r_human": 0.42459239843199614,
    "p_human": 9.621954578486918e-05,
    "n_items": 79,
    "mean_model_conf": 0.6823358351145984,
    "mean_human_conf": 0.5770932653844046,
    "mean_model_acc": 0.6371308016877637
  },
  "combined": {
    "loss": 0.40103497734632676,
    "ece": 0.19556411867575765
  }
}